[
  {
    "type": "municipality",
    "municipality_id": "chalandri",
    "name": "Χαλάνδρι",
    "file": "data/boundaries/geojson/municipal_chalandriou.geojson"
  },
  {
    "type": "municipality",
    "municipality_id": "agia_paraskevi",
    "name": "Αγία Παρασκευή",
    "file": "data/boundaries/geojson/municipal_agia_paraskevi.geojson"
  },
  {
    "type": "municipality",
    "municipality_id": "filothei_psychiko",
    "name": "Φιλοθέη-Ψυχικό",
    "file": "data/boundaries/geojson/municipal_filothei_psychiko.geojson"
  },
  {
    "type": "municipality",
    "municipality_id": "marousi",
    "name": "Μαρούσι",
    "file": "data/boundaries/geojson/municipal_marousi.geojson"
  },
  {
    "type": "municipality",
    "municipality_id": "papagou_cholargos",
    "name": "Παπάγου-Χολαργός",
    "file": "data/boundaries/geojson/municipal_papagou_cholargou.geojson"
  },
  {
    "type": "municipality",
    "municipality_id": "vrilissia",
    "name": "Βριλήσσια",
    "file": "data/boundaries/geojson/municipal_vrilissia.geojson"
  },
  {
    "type": "municipality",
    "municipality_id": "irakleio",
    "name": "Ηράκλειο",
    "file": "data/boundaries/geojson/municipal_irakleio.geojson"
  },
  {
    "type": "municipality",
    "municipality_id": "kifisia",
    "name": "Κηφισιά",
    "file": "data/boundaries/geojson/municipal_kifisia.geojson"
  },
  {
    "type": "municipality",
    "municipality_id": "lykovrysi_pefki",
    "name": "Λυκόβρυση-Πεύκη",
    "file": "data/boundaries/geojson/municipal_lykovrysi_pefki.geojson"
  },
  {
    "type": "municipality",
    "municipality_id": "metamorfosi",
    "name": "Μεταμόρφωση",
    "file": "data/boundaries/geojson/municipal_metamorfosi.geojson"
  },
  {
    "type": "municipality",
    "municipality_id": "nea_ionia",
    "name": "Νέα Ιωνία",
    "file": "data/boundaries/geojson/municipal_nea_ionia.geojson"
  },
  {
    "type": "municipality",
    "municipality_id": "penteli",
    "name": "Πεντέλη",
    "file": "data/boundaries/geojson/municipal_penteli.geojson"
  },
  {
    "type": "pref_unit",
    "pref_unit_id": "north_athens",
    "name": "Π.Ε. Βόρειου Τομέα Αθηνών",
    "municipality_ids": [
      "agia_paraskevi",
      "marousi",
      "vrilissia",
      "irakleio",
      "kifisia",
      "lykovrysi_pefki",
      "metamorfosi",
      "nea_ionia",
      "papagou_cholargos",
      "penteli",
      "filothei_psychiko",
      "chalandri"
    ]
  },
  {
    "type": "region",
    "region_id": "attica",
    "name": "Περιφέρεια Αττικής",
    "pref_unit_ids": [
      "north_athens"
    ]
  }
]
